Code,종목명,매수일,매도일,매수가,매도가,수익률(%)
373220,LG에너지솔루션,2025-11-17,2025-11-24,463000,412000,-11.02
373220,LG에너지솔루션,2025-11-24,2025-12-01,412000,413000,0.24
373220,LG에너지솔루션,2025-12-30,2026-01-08,368500,366000,-0.68
373220,LG에너지솔루션,2026-01-08,2026-01-15,366000,392000,7.1
032830,삼성생명,2025-11-03,2025-11-10,152100,158900,4.47
034020,두산에너빌리티,2025-11-24,2025-12-01,72500,74900,3.31
329180,HD현대중공업,2026-02-12,2026-02-24,539000,596000,10.58
329180,HD현대중공업,2026-04-01,2026-04-08,451500,484500,7.31
207940,삼성바이오로직스,2025-11-17,2025-11-24,1797000,1789000,-0.45
207940,삼성바이오로직스,2025-11-24,2025-12-01,1789000,1649000,-7.83
207940,삼성바이오로직스,2025-12-01,2025-12-08,1649000,1629000,-1.21
207940,삼성바이오로직스,2025-12-08,2025-12-15,1629000,1772000,8.78
207940,삼성바이오로직스,2026-02-05,2026-02-12,1700000,1719000,1.12
207940,삼성바이오로직스,2026-05-08,2026-05-15,1472000,1419000,-3.6
012450,한화에어로스페이스,2025-11-24,2025-12-01,855000,813000,-4.91
012450,한화에어로스페이스,2025-12-01,2025-12-08,813000,937000,15.25
012450,한화에어로스페이스,2026-05-08,2026-05-15,1307000,1216000,-6.96
012450,한화에어로스페이스,2026-05-15,2026-05-22,1216000,1261000,3.7
000270,기아,2025-09-22,2025-09-29,101900,100700,-1.18
006400,삼성SDI,2025-11-24,2025-12-01,281000,299000,6.41
006400,삼성SDI,2025-12-30,2026-01-08,269500,271000,0.56
267260,HD현대일렉트릭,2025-11-24,2025-12-01,750000,746000,-0.53
006800,미래에셋증권,2025-11-24,2025-12-01,21108,21805,3.3
042660,한화오션,2025-09-22,2025-09-29,109600,107000,-2.37
042660,한화오션,2025-12-01,2025-12-08,105000,114000,8.57
042660,한화오션,2026-05-15,2026-05-22,118100,122200,3.47
298040,효성중공업,2025-11-24,2025-12-01,1903000,1806000,-5.1
298040,효성중공업,2025-12-01,2025-12-08,1806000,1987000,10.02
035420,NAVER,2026-02-24,2026-03-04,255000,208000,-18.43
035420,NAVER,2026-03-04,2026-03-11,208000,222000,6.73
042700,한미반도체,2025-11-10,2025-11-17,129600,132300,2.08
010130,고려아연,2025-11-03,2025-11-10,1043000,1026000,-1.63
010130,고려아연,2025-11-10,2025-11-17,1026000,1103000,7.5
010130,고려아연,2026-03-18,2026-03-25,1695000,1593000,-6.02
010130,고려아연,2026-05-15,2026-05-22,1426000,1430000,0.28
010140,삼성중공업,2025-11-17,2025-11-24,26200,25050,-4.39
010140,삼성중공업,2025-11-24,2025-12-01,25050,24200,-3.39
010140,삼성중공업,2026-03-04,2026-03-11,23500,28800,22.55
015760,한국전력,2026-03-04,2026-03-11,45550,47950,5.27
015760,한국전력,2026-03-18,2026-03-25,49950,46450,-7.01
015760,한국전력,2026-05-15,2026-05-22,38750,39700,2.45
051910,LG화학,2025-12-30,2026-01-08,333000,315000,-5.41
316140,우리금융지주,2026-05-08,2026-05-15,32850,31250,-4.87
316140,우리금융지주,2026-05-15,2026-05-22,31250,31550,0.96
064350,현대로템,2025-11-17,2025-11-24,196800,175000,-11.08
064350,현대로템,2025-11-24,2025-12-01,175000,170400,-2.63
064350,현대로템,2025-12-01,2025-12-08,170400,192100,12.73
267250,HD현대,2025-12-30,2026-01-08,188500,196500,4.24
003670,포스코퓨처엠,2025-11-17,2025-11-24,209000,186800,-10.62
003670,포스코퓨처엠,2025-11-24,2025-12-01,186800,209000,11.88
003670,포스코퓨처엠,2025-12-30,2026-01-08,187000,178500,-4.55
003670,포스코퓨처엠,2026-01-08,2026-01-15,178500,195400,9.47
096770,SK이노베이션,2025-12-30,2026-01-08,101200,102600,1.38
272210,한화시스템,2025-11-24,2025-12-01,47400,45350,-4.32
272210,한화시스템,2025-12-01,2025-12-08,45350,48350,6.62
272210,한화시스템,2026-04-29,2026-05-08,118100,115900,-1.86
272210,한화시스템,2026-05-08,2026-05-15,115900,104300,-10.01
272210,한화시스템,2026-05-15,2026-05-22,104300,109400,4.89
011070,LG이노텍,2025-12-30,2026-01-08,271000,283000,4.43
011070,LG이노텍,2026-02-05,2026-02-12,236000,253500,7.42
079550,LIG디펜스앤에어로스페이스,2025-10-13,2025-10-20,465000,443500,-4.62
079550,LIG디펜스앤에어로스페이스,2025-11-24,2025-12-01,394000,368000,-6.6
079550,LIG디펜스앤에어로스페이스,2026-02-05,2026-02-12,434500,455500,4.83
033780,KT&G,2025-11-03,2025-11-10,133700,139000,3.96
033780,KT&G,2026-03-18,2026-03-25,158700,155900,-1.76
011200,HMM,2025-09-29,2025-10-13,20600,20050,-2.67
011200,HMM,2025-10-13,2025-10-20,20050,20450,2.0
011200,HMM,2025-11-17,2025-11-24,19240,18660,-3.01
011200,HMM,2026-01-08,2026-01-15,19960,20250,1.45
035720,카카오,2026-05-08,2026-05-15,46000,44000,-4.35
138040,메리츠금융지주,2025-09-29,2025-10-13,115500,111800,-3.2
138040,메리츠금융지주,2025-10-13,2025-10-20,111800,118000,5.55
138040,메리츠금융지주,2026-05-15,2026-05-22,105800,109200,3.21
086280,현대글로비스,2025-09-29,2025-10-13,168100,158700,-5.59
086280,현대글로비스,2025-10-13,2025-10-20,158700,166700,5.04
307950,현대오토에버,2025-09-29,2025-10-13,152700,149300,-2.23
307950,현대오토에버,2025-10-13,2025-10-20,149300,156200,4.62
307950,현대오토에버,2025-11-24,2025-12-01,184100,196800,6.9
006260,LS,2025-10-13,2025-10-20,171200,197200,15.19
006260,LS,2025-12-01,2025-12-08,173900,188200,8.22
024110,기업은행,2025-10-13,2025-10-20,18890,19380,2.59
024110,기업은행,2026-05-08,2026-05-15,21800,20900,-4.13
047810,한국항공우주,2026-04-29,2026-05-08,166300,166800,0.3
047810,한국항공우주,2026-05-08,2026-05-15,166800,161100,-3.42
018260,삼성에스디에스,2025-11-24,2025-12-01,166800,169700,1.74
278470,에이피알,2026-01-08,2026-01-15,217000,237500,9.45
071050,한국금융지주,2025-10-13,2025-10-20,142100,175700,23.65
030200,KT,2026-05-08,2026-05-15,59300,58700,-1.01
259960,크래프톤,2025-09-22,2025-09-29,309000,298000,-3.56
259960,크래프톤,2025-09-29,2025-10-13,298000,303500,1.85
0126Z0,삼성에피스홀딩스,2026-03-18,2026-03-25,538000,540000,0.37
0126Z0,삼성에피스홀딩스,2026-05-08,2026-05-15,530000,507000,-4.34
0126Z0,삼성에피스홀딩스,2026-05-15,2026-05-22,507000,500000,-1.38
047050,포스코인터내셔널,2025-12-22,2025-12-30,50900,49600,-2.55
047050,포스코인터내셔널,2025-12-30,2026-01-08,49600,47850,-3.53
047050,포스코인터내셔널,2026-01-08,2026-01-15,47850,57700,20.59
047040,대우건설,2025-09-29,2025-10-13,3600,3625,0.69
047040,대우건설,2025-11-17,2025-11-24,3485,3440,-1.29
005940,NH투자증권,2025-10-13,2025-10-20,19230,21400,11.28
016360,삼성증권,2025-12-30,2026-01-08,75400,76700,1.72
443060,HD현대마린솔루션,2025-11-17,2025-11-24,209500,207500,-0.95
443060,HD현대마린솔루션,2025-11-24,2025-12-01,207500,181500,-12.53
443060,HD현대마린솔루션,2025-12-01,2025-12-08,181500,197200,8.65
443060,HD현대마린솔루션,2026-02-05,2026-02-12,166600,166400,-0.12
323410,카카오뱅크,2025-10-13,2025-10-20,22700,22850,0.66
323410,카카오뱅크,2026-05-08,2026-05-15,23650,22450,-5.07
001440,대한전선,2025-11-24,2025-12-01,21800,21550,-1.15
352820,하이브,2025-11-24,2025-12-01,290000,292000,0.69
352820,하이브,2026-04-01,2026-04-08,289500,260500,-10.02
352820,하이브,2026-04-08,2026-04-15,260500,255500,-1.92
352820,하이브,2026-04-15,2026-04-22,255500,250000,-2.15
005830,DB손해보험,2025-10-13,2025-10-20,133200,132600,-0.45
005830,DB손해보험,2025-10-20,2025-10-27,132600,133800,0.9
000880,한화,2025-10-13,2025-10-20,84000,88800,5.71
000880,한화,2025-12-01,2025-12-08,78900,83900,6.34
003230,삼양식품,2025-10-27,2025-11-03,1260000,1356000,7.62
007660,이수페타시스,2025-12-30,2026-01-08,119200,108200,-9.23
007660,이수페타시스,2026-01-08,2026-01-15,108200,122200,12.94
062040,산일전기,2025-10-13,2025-10-20,107200,136400,27.24
062040,산일전기,2025-11-24,2025-12-01,134200,134000,-0.15
062040,산일전기,2025-12-30,2026-01-08,130100,136000,4.53
064400,LG씨엔에스,2026-01-08,2026-01-15,60700,68100,12.19
267270,HD건설기계,2025-11-17,2025-11-24,91600,95500,4.26
000990,DB하이텍,2026-03-04,2026-03-11,77300,85000,9.96
180640,한진칼,2025-10-13,2025-10-20,97000,100000,3.09
180640,한진칼,2025-11-17,2025-11-24,97700,108900,11.46
180640,한진칼,2026-03-18,2026-03-25,122100,126700,3.77
161390,한국타이어앤테크놀로지,2026-03-18,2026-03-25,57900,58100,0.35
326030,SK바이오팜,2025-10-20,2025-10-27,102500,115200,12.39
326030,SK바이오팜,2025-12-30,2026-01-08,124600,124800,0.16
326030,SK바이오팜,2026-01-08,2026-01-15,124800,119600,-4.17
326030,SK바이오팜,2026-01-15,2026-01-22,119600,116200,-2.84
326030,SK바이오팜,2026-05-08,2026-05-15,99400,96600,-2.82
034220,LG디스플레이,2025-11-24,2025-12-01,12220,12330,0.9
034220,LG디스플레이,2025-12-30,2026-01-08,11810,12230,3.56
009830,한화솔루션,2025-10-13,2025-10-20,28250,29350,3.89
009830,한화솔루션,2025-11-24,2025-12-01,26450,27700,4.73
009830,한화솔루션,2026-04-01,2026-04-08,37550,40300,7.32
078930,GS,2025-10-13,2025-10-20,44400,46500,4.73
000100,유한양행,2026-01-15,2026-01-22,108200,104800,-3.14
000100,유한양행,2026-01-22,2026-01-29,104800,110200,5.15
000100,유한양행,2026-05-08,2026-05-15,86600,86000,-0.69
000100,유한양행,2026-05-15,2026-05-22,86000,88300,2.67
090430,아모레퍼시픽,2026-03-11,2026-03-18,130900,135600,3.59
454910,두산로보틱스,2025-11-24,2025-12-01,70400,74500,5.82
454910,두산로보틱스,2026-03-04,2026-03-11,80600,90700,12.53
000500,가온전선,2025-10-13,2025-10-20,55100,57000,3.45
000500,가온전선,2025-11-24,2025-12-01,66100,72500,9.68
032640,LG유플러스,2026-05-08,2026-05-15,15050,16210,7.71
021240,코웨이,2025-10-20,2025-10-27,94000,92800,-1.28
021240,코웨이,2025-10-27,2025-11-03,92800,89900,-3.12
021240,코웨이,2026-01-08,2026-01-15,79400,77600,-2.27
021240,코웨이,2026-01-15,2026-01-22,77600,76600,-1.29
021240,코웨이,2026-01-22,2026-01-29,76600,81600,6.53
021240,코웨이,2026-03-11,2026-03-18,74100,75000,1.21
021240,코웨이,2026-03-18,2026-03-25,75000,74100,-1.2
336260,두산퓨얼셀,2025-11-24,2025-12-01,29550,31300,5.92
336260,두산퓨얼셀,2025-12-01,2025-12-08,31300,32400,3.51
